-- 插入工厂主数据
INSERT INTO factory_master (factory_id, factory_name, country, capacity, main_markets, established_date, status)
VALUES
('F001', '海尔青岛工厂', '中国', 500000, '中国, 亚洲, 欧洲', '2000-01-01', '运行中'),
('F002', '海尔越南工厂', '越南', 200000, '东南亚, 北美', '2010-05-01', '运行中'),
('F003', '海尔德国工厂', '德国', 150000, '欧洲, 中东', '2015-03-01', '运行中');

-- 插入供应商主数据
INSERT INTO supplier_master (supplier_id, supplier_name, country, tier, supplier_type, established_date, credit_rating)
VALUES
('S001', '海尔压缩机供应商', '中国', 1, '核心供应商', '1995-01-01', 'AAA'),
('S002', '海尔冷凝器供应商', '中国', 1, '核心供应商', '1998-05-01', 'AA'),
('S003', '海尔控制器供应商', '韩国', 1, '核心供应商', '2000-03-01', 'AA'),
('S004', '海尔面板供应商', '日本', 2, '重要供应商', '2005-07-01', 'A'),
('S005', '海尔包装供应商', '中国', 3, '一般供应商', '2010-01-01', 'B');

-- 插入产品主数据
INSERT INTO product_master (product_id, product_name, factory_id, target_markets, base_price, product_type, launch_date)
VALUES
('P001', 'HRF-500', 'F001', '中国, 欧洲, 北美', 4999.00, '高端冰箱', '2023-01-01'),
('P002', 'HRF-450', 'F001', '中国, 亚洲', 3999.00, '中高端冰箱', '2022-06-01'),
('P003', 'HRF-380', 'F002', '东南亚, 南美', 2999.00, '中端冰箱', '2022-03-01'),
('P004', 'HRF-320', 'F002', '东南亚, 非洲', 1999.00, '经济型冰箱', '2021-12-01'),
('P005', 'HRF-550', 'F003', '欧洲, 中东', 5999.00, '旗舰冰箱', '2023-06-01');

-- 插入BOM主数据
INSERT INTO bom_master (bom_id, product_id, key_component_id, key_component_name, quantity, price, supplier_id)
VALUES
('B001', 'P001', 'C001', '变频压缩机', 1, 800.00, 'S001'),
('B002', 'P001', 'C002', '高效冷凝器', 1, 300.00, 'S002'),
('B003', 'P001', 'C003', '智能控制器', 1, 200.00, 'S003'),
('B004', 'P001', 'C004', '钢化玻璃面板', 1, 150.00, 'S004'),
('B005', 'P002', 'C001', '变频压缩机', 1, 700.00, 'S001'),
('B006', 'P002', 'C002', '高效冷凝器', 1, 250.00, 'S002'),
('B007', 'P003', 'C001', '定频压缩机', 1, 500.00, 'S001'),
('B008', 'P004', 'C001', '定频压缩机', 1, 400.00, 'S001'),
('B009', 'P005', 'C001', '高端变频压缩机', 1, 1000.00, 'S001'),
('B010', 'P005', 'C003', '高级智能控制器', 1, 300.00, 'S003');

-- 插入供应路径数据
INSERT INTO supply_path (path_id, key_component_id, supplier_id, supply_country, factory_id, path_type, lead_time, transportation_mode)
VALUES
('SP001', 'C001', 'S001', '中国', 'F001', '直接供应', 5, '公路'),
('SP002', 'C001', 'S001', '中国', 'F002', '直接供应', 7, '海运'),
('SP003', 'C001', 'S001', '中国', 'F003', '直接供应', 10, '海运+公路'),
('SP004', 'C002', 'S002', '中国', 'F001', '直接供应', 3, '公路'),
('SP005', 'C002', 'S002', '中国', 'F002', '直接供应', 6, '海运'),
('SP006', 'C003', 'S003', '韩国', 'F001', '直接供应', 8, '海运+公路'),
('SP007', 'C003', 'S003', '韩国', 'F003', '直接供应', 12, '海运+公路'),
('SP008', 'C004', 'S004', '日本', 'F001', '直接供应', 7, '海运'),
('SP009', 'C004', 'S004', '日本', 'F003', '直接供应', 11, '海运+公路');

-- 插入销售订单数据
INSERT INTO sales_order (order_id, product_id, quantity, sales_country, price, order_date, delivery_date, status)
VALUES
('SO001', 'P001', 100, '中国', 4999.00, '2023-01-15', '2023-01-20', '已完成'),
('SO002', 'P001', 50, '德国', 5999.00, '2023-01-20', '2023-02-05', '已完成'),
('SO003', 'P002', 200, '中国', 3999.00, '2023-02-01', '2023-02-06', '已完成'),
('SO004', 'P003', 150, '越南', 2999.00, '2023-02-10', '2023-02-15', '已完成'),
('SO005', 'P004', 300, '印度', 1999.00, '2023-02-15', '2023-02-20', '已完成'),
('SO006', 'P005', 30, '法国', 6999.00, '2023-03-01', '2023-03-15', '已完成'),
('SO007', 'P001', 80, '美国', 5499.00, '2023-03-10', '2023-03-25', '已完成'),
('SO008', 'P002', 120, '中国', 3999.00, '2023-03-15', '2023-03-20', '已完成'),
('SO009', 'P003', 200, '泰国', 2999.00, '2023-03-20', '2023-03-25', '已完成'),
('SO010', 'P001', 60, '英国', 5799.00, '2023-04-01', '2023-04-15', '处理中');